{
  "0": {
    "precision": 0.6176470588235294,
    "recall": 0.5121951219512195,
    "f1-score": 0.56,
    "support": 41.0
  },
  "1": {
    "precision": 0.6923076923076923,
    "recall": 0.8076923076923077,
    "f1-score": 0.7455621301775148,
    "support": 78.0
  },
  "2": {
    "precision": 0.9738372093023255,
    "recall": 0.9571428571428572,
    "f1-score": 0.9654178674351584,
    "support": 350.0
  },
  "accuracy": 0.8933901918976546,
  "macro avg": {
    "precision": 0.7612639868111825,
    "recall": 0.7590100955954614,
    "f1-score": 0.7569933325375579,
    "support": 469.0
  },
  "weighted avg": {
    "precision": 0.8958775110182913,
    "recall": 0.8933901918976546,
    "f1-score": 0.8934117265589587,
    "support": 469.0
  }
}