{
  "0": {
    "precision": 0.631578947368421,
    "recall": 0.5853658536585366,
    "f1-score": 0.6075949367088608,
    "support": 41.0
  },
  "1": {
    "precision": 0.7831325301204819,
    "recall": 0.8333333333333334,
    "f1-score": 0.8074534161490683,
    "support": 78.0
  },
  "2": {
    "precision": 0.9770114942528736,
    "recall": 0.9714285714285714,
    "f1-score": 0.9742120343839542,
    "support": 350.0
  },
  "accuracy": 0.9147121535181236,
  "macro avg": {
    "precision": 0.7972409905805922,
    "recall": 0.7967092528068137,
    "f1-score": 0.7964201290806278,
    "support": 469.0
  },
  "weighted avg": {
    "precision": 0.9145695035821079,
    "recall": 0.9147121535181236,
    "f1-score": 0.91442850937969,
    "support": 469.0
  }
}