{
  "0": {
    "precision": 0.7058823529411765,
    "recall": 0.5853658536585366,
    "f1-score": 0.64,
    "support": 41.0
  },
  "1": {
    "precision": 0.75,
    "recall": 0.8461538461538461,
    "f1-score": 0.7951807228915663,
    "support": 78.0
  },
  "2": {
    "precision": 0.9855907780979827,
    "recall": 0.9771428571428571,
    "f1-score": 0.9813486370157819,
    "support": 350.0
  },
  "accuracy": 0.9211087420042644,
  "macro avg": {
    "precision": 0.8138243770130531,
    "recall": 0.8028875189850799,
    "f1-score": 0.8055097866357827,
    "support": 469.0
  },
  "weighted avg": {
    "precision": 0.9219572469187253,
    "recall": 0.9211087420042644,
    "f1-score": 0.9205460966760466,
    "support": 469.0
  }
}