{
  "0": {
    "precision": 0.8148148148148148,
    "recall": 0.5365853658536586,
    "f1-score": 0.6470588235294118,
    "support": 41.0
  },
  "1": {
    "precision": 0.7604166666666666,
    "recall": 0.9358974358974359,
    "f1-score": 0.8390804597701149,
    "support": 78.0
  },
  "2": {
    "precision": 0.9855491329479769,
    "recall": 0.9742857142857143,
    "f1-score": 0.9798850574712644,
    "support": 350.0
  },
  "accuracy": 0.929637526652452,
  "macro avg": {
    "precision": 0.8535935381431528,
    "recall": 0.8155895053456029,
    "f1-score": 0.8220081135902637,
    "support": 469.0
  },
  "weighted avg": {
    "precision": 0.9331814582925358,
    "recall": 0.929637526652452,
    "f1-score": 0.9273719781273293,
    "support": 469.0
  }
}