{
  "0": {
    "precision": 0.5,
    "recall": 0.1951219512195122,
    "f1-score": 0.2807017543859649,
    "support": 41.0
  },
  "1": {
    "precision": 0.6185567010309279,
    "recall": 0.7692307692307693,
    "f1-score": 0.6857142857142857,
    "support": 78.0
  },
  "2": {
    "precision": 0.9466292134831461,
    "recall": 0.9628571428571429,
    "f1-score": 0.9546742209631728,
    "support": 350.0
  },
  "accuracy": 0.8635394456289979,
  "macro avg": {
    "precision": 0.6883953048380246,
    "recall": 0.6424032877691415,
    "f1-score": 0.6403634203544745,
    "support": 469.0
  },
  "weighted avg": {
    "precision": 0.8530227023443784,
    "recall": 0.8635394456289979,
    "f1-score": 0.8510244425429623,
    "support": 469.0
  }
}